<tree>
  <declarations>
    <attributeDecl name="nome" type="String"/>
    <attributeDecl name="tipo" type="String"/>
  </declarations>
  <branch>
    <attribute name="nome" value=" Program "/>
    <attribute name="tipo" value="raiz"/>
    <branch>
      <attribute name="nome" value=" DeclarativePart "/>
      <attribute name="tipo" value="galho"/>
      <branch>
        <attribute name="nome" value=" ArrayTypeDecl "/>
        <attribute name="tipo" value="galho"/>
        <branch>
          <attribute name="nome" value=" ConstValue "/>
          <attribute name="tipo" value="galho"/>
          <branch>
            <attribute name="nome" value=" Token "/>
            <attribute name="tipo" value="folha"/>
          <leaf>
            <attribute name="nome" value=" 0 "/>
            <attribute name="tipo" value="folha"/>
          </leaf>
          <leaf>
            <attribute name="nome" value=" Integer Literal "/>
            <attribute name="tipo" value="folha"/>
          </leaf>
          </branch>
        <leaf>
          <attribute name="nome" value=" Integer "/>
          <attribute name="tipo" value="folha"/>
        </leaf>
        </branch>
      </branch>
      <branch>
        <attribute name="nome" value=" SingleVarDecl "/>
        <attribute name="tipo" value="galho"/>
        <branch>
          <attribute name="nome" value=" Token "/>
          <attribute name="tipo" value="folha"/>
        <leaf>
          <attribute name="nome" value=" a "/>
          <attribute name="tipo" value="folha"/>
        </leaf>
        <leaf>
          <attribute name="nome" value=" Identifier "/>
          <attribute name="tipo" value="folha"/>
        </leaf>
        </branch>
      <leaf>
        <attribute name="nome" value=" T "/>
        <attribute name="tipo" value="folha"/>
      </leaf>
      <leaf>
        <attribute name="nome" value=" Program "/>
        <attribute name="tipo" value="folha"/>
      </leaf>
      </branch>
    </branch>
    <branch>
      <attribute name="nome" value=" StatementPart "/>
      <attribute name="tipo" value="galho"/>
      <branch>
        <attribute name="nome" value=" AssignmentStmt "/>
        <attribute name="tipo" value="galho"/>
        <branch>
          <attribute name="nome" value=" Variable "/>
          <attribute name="tipo" value="galho"/>
          <branch>
            <attribute name="nome" value=" NamedDecl "/>
            <attribute name="tipo" value="galho"/>
            <branch>
              <attribute name="nome" value=" SingleVarDecl "/>
              <attribute name="tipo" value="galho"/>
              <branch>
                <attribute name="nome" value=" Token "/>
                <attribute name="tipo" value="folha"/>
              <leaf>
                <attribute name="nome" value=" a "/>
                <attribute name="tipo" value="folha"/>
              </leaf>
              <leaf>
                <attribute name="nome" value=" Identifier "/>
                <attribute name="tipo" value="folha"/>
              </leaf>
              </branch>
            <leaf>
              <attribute name="nome" value=" T "/>
              <attribute name="tipo" value="folha"/>
            </leaf>
            <leaf>
              <attribute name="nome" value=" Program "/>
              <attribute name="tipo" value="folha"/>
            </leaf>
            </branch>
          </branch>
        </branch>
        <branch>
          <attribute name="nome" value=" ConstValue "/>
          <attribute name="tipo" value="galho"/>
          <branch>
            <attribute name="nome" value=" Token "/>
            <attribute name="tipo" value="folha"/>
          <leaf>
            <attribute name="nome" value=" 1 "/>
            <attribute name="tipo" value="folha"/>
          </leaf>
          <leaf>
            <attribute name="nome" value=" Integer Literal "/>
            <attribute name="tipo" value="folha"/>
          </leaf>
          </branch>
        <leaf>
          <attribute name="nome" value=" Integer "/>
          <attribute name="tipo" value="folha"/>
        </leaf>
        </branch>
      </branch>
      <branch>
        <attribute name="nome" value=" WritelnStmt "/>
        <attribute name="tipo" value="galho"/>
        <branch>
          <attribute name="nome" value=" NamedValue "/>
          <attribute name="tipo" value="galho"/>
          <branch>
            <attribute name="nome" value=" NamedDecl "/>
            <attribute name="tipo" value="galho"/>
            <branch>
              <attribute name="nome" value=" SingleVarDecl "/>
              <attribute name="tipo" value="galho"/>
              <branch>
                <attribute name="nome" value=" Token "/>
                <attribute name="tipo" value="folha"/>
              <leaf>
                <attribute name="nome" value=" a "/>
                <attribute name="tipo" value="folha"/>
              </leaf>
              <leaf>
                <attribute name="nome" value=" Identifier "/>
                <attribute name="tipo" value="folha"/>
              </leaf>
              </branch>
            <leaf>
              <attribute name="nome" value=" T "/>
              <attribute name="tipo" value="folha"/>
            </leaf>
            <leaf>
              <attribute name="nome" value=" Program "/>
              <attribute name="tipo" value="folha"/>
            </leaf>
            </branch>
          </branch>
        </branch>
      </branch>
    </branch>
  </branch>
</tree>