<?xml version="1.0" encoding="UTF-8"?>
<project-private xmlns="http://www.netbeans.org/ns/project-private/1">
    <editor-bookmarks xmlns="http://www.netbeans.org/ns/editor-bookmarks/2" lastBookmarkId="0"/>
    <open-files xmlns="http://www.netbeans.org/ns/projectui-open-files/2">
        <group>
            <file>file:/D:/nanda/Repositórios/Meus/BCC-SBV/IDSW6_Introducao_Desenvolvimento_Web/Capitulo5/CadastroClientes/src/java/cadastroclientes/controladores/EstadosServlet.java</file>
            <file>file:/D:/nanda/Repositórios/Meus/BCC-SBV/IDSW6_Introducao_Desenvolvimento_Web/Capitulo5/CadastroClientes/web/formularios/estados/erro.jsp</file>
            <file>file:/D:/nanda/Repositórios/Meus/BCC-SBV/IDSW6_Introducao_Desenvolvimento_Web/Capitulo5/CadastroClientes/web/formularios/clientes/novo.jsp</file>
            <file>file:/D:/nanda/Repositórios/Meus/BCC-SBV/IDSW6_Introducao_Desenvolvimento_Web/Capitulo5/CadastroClientes/src/java/cadastroclientes/controladores/ClientesServlet.java</file>
            <file>file:/D:/nanda/Repositórios/Meus/BCC-SBV/IDSW6_Introducao_Desenvolvimento_Web/Capitulo5/CadastroClientes/web/formularios/clientes/erro.jsp</file>
        </group>
    </open-files>
</project-private>
